time,euclidean_error
0,0.5
0.01,0.499998659360653
0.02,0.499991975597952
0.03,0.499978209691142
0.04,0.499955474613758
0.05,0.499923778899459
0.06,0.499883264449495
0.07,0.499834956099779
0.08,0.499780358894849
0.09,0.499720054201728
0.1,0.49965481832816
0.11,0.499585615558837
0.12,0.499513457907045
0.13,0.499439224323055
0.14,0.499363541043873
0.15,0.499286852850558
0.16,0.499209531062477
0.17,0.499131531935212
0.18,0.49905289773933
0.19,0.498973232788711
0.2,0.498892701045483
0.21,0.498810755607396
0.22,0.498725264976741
0.23,0.498636197081374
0.24,0.498543203921961
0.25,0.498445871478828
0.26,0.498345311799862
0.27,0.498241454867112
0.28,0.498133216205576
0.29,0.498019569035077
0.3,0.497900787584072
0.31,0.497777773454368
0.32,0.497649467811624
0.33,0.497515425276767
0.34,0.497375990707998
0.35,0.497231118757791
0.36,0.497081240881977
0.37,0.496926460950955
0.38,0.496766773302264
0.39,0.496602041288662
0.4,0.496432284400998
0.41,0.496257610446939
0.42,0.496077840896191
0.43,0.495893180005905
0.44,0.495703858981549
0.45,0.495509539716996
0.46,0.495310098643173
0.47,0.495105594005695
0.48,0.494895872818944
0.49,0.494680989248122
0.5,0.494461280544797
0.51,0.494236726553273
0.52,0.494007414056938
0.53,0.493773174837989
0.54,0.493533812699784
0.55,0.493289373546518
0.56,0.493039824356674
0.57,0.492785507267403
0.58,0.492526321415184
0.59,0.49226150464734
0.6,0.491990633565751
0.61,0.491713896039461
0.62,0.49143130736689
0.63,0.491142610091284
0.64,0.49084798332169
0.65,0.49054807113263
0.66,0.490242859952446
0.67,0.489932012458579
0.68,0.489615128876595
0.69,0.489292752898164
0.7,0.488965273152678
0.71,0.488631561326011
0.72,0.48829107416037
0.73,0.487944969045296
0.74,0.487593947208048
0.75,0.487237481264948
0.76,0.486874888791736
0.77,0.486506745807494
0.78,0.486133059993244
0.79,0.48575395985934
0.8,0.485369186212441
0.81,0.484978105259882
0.82,0.484580933251242
0.83,0.48417819617147
0.84,0.483769875142059
0.85,0.48335541784615
0.86,0.482934853406934
0.87,0.482508003265705
0.88,0.482075169631672
0.89,0.481635971245791
0.9,0.481190352774474
0.91,0.480738258755847
0.92,0.480279511456191
0.93,0.47981515859324
0.94,0.479345225976534
0.95,0.478869282698948
0.96,0.47838813205785
0.97,0.477900875047574
0.98,0.477406585892151
0.99,0.476905634010954
1,0.476398691193794
1.01,0.475885964287426
1.02,0.475367046974484
1.03,0.474842689838905
1.04,0.474312356378776
1.05,0.473776338059106
1.06,0.473235317994394
1.07,0.4726887679319
1.08,0.47213675976232
1.09,0.471579345403575
1.1,0.471016323091063
1.11,0.470448096563802
1.12,0.469874133580495
1.13,0.46929336145353
1.14,0.468706938575374
1.15,0.46811573231059
1.16,0.467518738235215
1.17,0.466915627134193
1.18,0.466306425251012
1.19,0.465691282683809
1.2,0.465070260842828
1.21,0.464443372186592
1.22,0.463811538287767
1.23,0.463174593970258
1.24,0.462532347440001
1.25,0.461884797257903
1.26,0.461231776943876
1.27,0.460573465175328
1.28,0.459909706067285
1.29,0.459240325931618
1.3,0.458565202157376
1.31,0.457884711146484
1.32,0.457199545185713
1.33,0.456509863410844
1.34,0.45581526540223
1.35,0.455115301955049
1.36,0.454410233031898
1.37,0.453699729957739
1.38,0.45298385490994
1.39,0.452262587827204
1.4,0.451535858333068
1.41,0.450804139713955
1.42,0.450067299526328
1.43,0.44932550957382
1.44,0.448579047035957
1.45,0.447827801440966
1.46,0.447071178436772
1.47,0.446309380955392
1.48,0.445542512451109
1.49,0.444770311095188
1.5,0.443993582478589
1.51,0.443212079681812
1.52,0.442425353646502
1.53,0.441633598197796
1.54,0.440837184286271
1.55,0.440036370078706
1.56,0.439231321239091
1.57,0.438422075554416
1.58,0.437607878175781
1.59,0.436788711052486
1.6,0.435965049278071
1.61,0.435137339225599
1.62,0.434305252177214
1.63,0.433468544126884
1.64,0.43262741218228
1.65,0.431781631789845
1.66,0.430931547143271
1.67,0.430077196267151
1.68,0.429218403769957
1.69,0.428355338845692
1.7,0.42748825125753
1.71,0.426617291722534
1.72,0.425742530059083
1.73,0.424863911729404
1.74,0.423981263745129
1.75,0.423094574316578
1.76,0.422204197540505
1.77,0.421310376566596
1.78,0.420412933407181
1.79,0.419511638020563
1.8,0.418606520275309
1.81,0.417697719295585
1.82,0.41678527956598
1.83,0.415869139759743
1.84,0.414949438035382
1.85,0.414026245728466
1.86,0.41309947152795
1.87,0.41216902805279
1.88,0.41123494446898
1.89,0.410297251900123
1.9,0.409355971401236
1.91,0.408411253408879
1.92,0.407463218049029
1.93,0.406511863318211
1.94,0.405557311121328
1.95,0.40459963883838
1.96,0.403638938367681
1.97,0.402674994951648
1.98,0.401707862732778
1.99,0.400737853180933
2,0.399764764945278
2.01,0.398788499715338
2.02,0.397809310806318
2.03,0.396827273027381
2.04,0.395842309282055
2.05,0.394854323941812
2.06,0.393863400991811
2.07,0.392869674595235
2.08,0.391873047187317
2.09,0.390873500167995
2.1,0.389871192678656
2.11,0.388866259683925
2.12,0.387858732525348
2.13,0.3868485914037
2.14,0.385835795406672
2.15,0.384820385756812
2.16,0.383802430023642
2.17,0.382781976230822
2.18,0.381759046850668
2.19,0.380733690562809
2.2,0.379705968171852
2.21,0.378675915085865
2.22,0.377643567358576
2.23,0.376608977171465
2.24,0.375572193278139
2.25,0.37453323256883
2.26,0.373492111813906
2.27,0.37244887137958
2.28,0.371403549126948
2.29,0.370356189968989
2.3,0.369306772287334
2.31,0.368255283775202
2.32,0.367201788281552
2.33,0.366146366037808
2.34,0.365089099047327
2.35,0.364030057057448
2.36,0.362969163789296
2.37,0.361906382366001
2.38,0.360841768277738
2.39,0.359775513866629
2.4,0.358707696150543
2.41,0.35763835740572
2.42,0.356567400012533
2.43,0.355494848916409
2.44,0.354421013150667
2.45,0.353345745559111
2.46,0.352268796578534
2.47,0.351190340285926
2.48,0.350110535403214
2.49,0.349029401287482
2.5,0.347946856387979
2.51,0.346862936902328
2.52,0.345777946579767
2.53,0.344691957998157
2.54,0.343604917590799
2.55,0.342516825464521
2.56,0.341427522023708
2.57,0.34033705244345
2.58,0.339245622358199
2.59,0.338153184100048
2.6,0.337059963001733
2.61,0.335965768474023
2.62,0.334870606414175
2.63,0.333774679523983
2.64,0.332677944164215
2.65,0.331580229660409
2.66,0.330481565542988
2.67,0.329381985086866
2.68,0.32828154257597
2.69,0.327180565852176
2.7,0.326079121321537
2.71,0.324977012816658
2.72,0.323873876587769
2.73,0.322769627212054
2.74,0.321664922611108
2.75,0.320559786279022
2.76,0.319454210016626
2.77,0.318348829755622
2.78,0.317243527040427
2.79,0.316138230080276
2.8,0.315032728170409
2.81,0.313926587233213
2.82,0.312819552078175
2.83,0.311711961229972
2.84,0.310604347550838
2.85,0.309496678483899
2.86,0.30838851786419
2.87,0.307279562554013
2.88,0.306169723109371
2.89,0.305058950417676
2.9,0.303947842741429
2.91,0.302837265547295
2.92,0.30172713381462
2.93,0.300617206350977
2.94,0.29950734539105
2.95,0.298397085157602
2.96,0.297286186402283
2.97,0.296175205700912
2.98,0.295064164838377
2.99,0.29395299251889
3,0.292841951135728
3.01,0.291731976941871
3.02,0.290623469487088
3.03,0.289515939817639
3.04,0.288409477809424
3.05,0.287303382795203
3.06,0.286197441163634
3.07,0.285091709361262
3.08,0.283986488293189
3.09,0.282881925693776
3.1,0.281778353228797
3.11,0.28067622804958
3.12,0.279575032079231
3.13,0.278474752900299
3.14,0.277375423463972
3.15,0.276276274270887
3.16,0.275177311795897
3.17,0.274078754720714
3.18,0.272980749491486
3.19,0.271883866286782
3.2,0.270787575298669
3.21,0.269750722576486
3.22,0.26881740183883
3.23,0.267970118673437
3.24,0.267195240953306
3.25,0.266483770272352
3.26,0.265826941747135
3.27,0.265253946868561
3.28,0.264745126942866
3.29,0.264331880443244
3.3,0.263998167798472
3.31,0.263712462242675
3.32,0.263542873009681
3.33,0.263432929331513
3.34,0.263297268369981
3.35,0.263123959616204
3.36,0.262984698855466
3.37,0.262842435373445
3.38,0.262740930847588
3.39,0.262774244483444
3.4,0.262858247950908
3.41,0.262901163186788
3.42,0.26292012564832
3.43,0.262860765380776
3.44,0.262617926216642
3.45,0.262215078897581
3.46,0.261732652241937
3.47,0.26121587170346
3.48,0.260714683145366
3.49,0.260233747695449
3.5,0.259775549816676
3.51,0.259399781786849
3.52,0.259092345573394
3.53,0.258848079047347
3.54,0.25854985218897
3.55,0.258216304449681
3.56,0.257893065502628
3.57,0.25749036043653
3.58,0.257006582137717
3.59,0.256503018972996
3.6,0.255947874402722
3.61,0.255264918297907
3.62,0.254552249901256
3.63,0.253830213043854
3.64,0.25303842365414
3.65,0.252179556857114
3.66,0.251312882237844
3.67,0.250440143160271
3.68,0.249520874508172
3.69,0.248568322127407
3.7,0.247639421813242
3.71,0.246740635076436
3.72,0.245817528574688
3.73,0.244874371748322
3.74,0.243903797494868
3.75,0.242885836931001
3.76,0.24186360194652
3.77,0.240854678598831
3.78,0.239826668120275
3.79,0.238786558007562
3.8,0.237762478862925
3.81,0.236752879848955
3.82,0.235744382478681
3.83,0.234724369520599
3.84,0.233698666291031
3.85,0.232635552952921
3.86,0.231527229638998
3.87,0.230406403431703
3.88,0.229273566626415
3.89,0.228126390233348
3.9,0.226958893387809
3.91,0.225771910189628
3.92,0.224573404001703
3.93,0.223358315163635
3.94,0.22214171784019
3.95,0.220924245938382
3.96,0.219705199278939
3.97,0.218481470305499
3.98,0.217248470466194
3.99,0.216001787981824
4,0.214737476774925
4.01,0.213454064993904
4.02,0.212151257485748
4.03,0.21083238193045
4.04,0.209496070446445
4.05,0.208136479950385
4.06,0.206756924076821
4.07,0.205370102263558
4.08,0.203971712583314
4.09,0.202553774664149
4.1,0.201107936900066
4.11,0.199635036546232
4.12,0.198134785441879
4.13,0.196617560841117
4.14,0.195104506722814
4.15,0.193602669306958
4.16,0.192113487626863
4.17,0.190621518792017
4.18,0.189130641330829
4.19,0.187623649732928
4.2,0.186096142185822
4.21,0.184570127015469
4.22,0.18302463921033
4.23,0.1814374507395
4.24,0.17982873931556
4.25,0.178241923560996
4.26,0.176692735507478
4.27,0.175175669406371
4.28,0.173666077799279
4.29,0.172119978145762
4.3,0.170528887670619
4.31,0.168875865738013
4.32,0.167214830868228
4.33,0.165547904512031
4.34,0.163825370610249
4.35,0.162107010009537
4.36,0.160353397226648
4.37,0.158570827088659
4.38,0.156820308838263
4.39,0.155098444954201
4.4,0.15341418554695
4.41,0.151716625014363
4.42,0.149985906838162
4.43,0.14827592692932
4.44,0.146547181663683
4.45,0.14479567530591
4.46,0.143082787883608
4.47,0.141385081963637
4.48,0.139615775658824
4.49,0.13781086158118
4.5,0.136069164970389
4.51,0.134340260314609
4.52,0.132642415069423
4.53,0.131042644597946
4.54,0.12950947981246
4.55,0.127950606697986
4.56,0.126331856487506
4.57,0.12470520001719
4.58,0.123053065455523
4.59,0.121375610083059
4.6,0.119735454688714
4.61,0.118101516453776
4.62,0.116499905820906
4.63,0.114926877133871
4.64,0.113358148266385
4.65,0.111846714864934
4.66,0.110308130471947
4.67,0.108765842264923
4.68,0.107307246901109
4.69,0.105904687715668
4.7,0.104464469806662
4.71,0.102983707822696
4.72,0.101437720594943
4.73,0.0997760554672878
4.74,0.0981186832383904
4.75,0.0964968521865662
4.76,0.0947761014387908
4.77,0.0929986290805278
4.78,0.0911990300009927
4.79,0.0894244469133116
4.8,0.0877370680716339
4.81,0.086118680005204
4.82,0.0844848931388444
4.83,0.0828323681819271
4.84,0.0811997888499912
4.85,0.079528094093591
4.86,0.0779234800958423
4.87,0.076465278033078
4.88,0.0750475353629725
4.89,0.0736614349957188
4.9,0.0724139934196569
4.91,0.0712417568095725
4.92,0.0700847639747888
4.93,0.068977526522533
4.94,0.0678618879356242
4.95,0.066747776378363
4.96,0.0657313207549039
4.97,0.0647406993702833
4.98,0.0637032615174316
4.99,0.0626724603573079
5,0.0616584796663725
5.01,0.0605911961017348
5.02,0.0595194908160778
5.03,0.0584991150221547
5.04,0.0575156927521952
5.05,0.0565146943192313
5.06,0.055497841206773
5.07,0.0545123344919037
5.08,0.0535288926030357
5.09,0.0525664579350087
5.1,0.0516399241752937
5.11,0.050704552654058
5.12,0.0497430417325365
5.13,0.0488124741376818
5.14,0.0479187180409324
5.15,0.0469925406611104
5.16,0.0460899995114323
5.17,0.0452471080259637
5.18,0.0443786814714291
5.19,0.043525504803976
5.2,0.0427001133500235
5.21,0.0418984123173852
5.22,0.0411737040940017
5.23,0.0404891516965486
5.24,0.03985317790782
5.25,0.0392867898059228
5.26,0.0387477036026211
5.27,0.0381981169945676
5.28,0.0376453211698613
5.29,0.0371046919222513
5.3,0.0365568464191259
5.31,0.0360192204941094
5.32,0.0355165961389522
5.33,0.0350176426446488
5.34,0.0345319121176607
5.35,0.034063741898268
5.36,0.0335982360923329
5.37,0.033147642628638
5.38,0.0327048354365445
5.39,0.0322667776397557
5.4,0.0318417445555506
5.41,0.0314276283976797
5.42,0.0310235503427267
5.43,0.0306408119721766
5.44,0.0302855634948214
5.45,0.0299468266968849
5.46,0.0296116644684364
5.47,0.029281505755667
5.48,0.0289595563484072
5.49,0.0286448952700362
5.5,0.028343185427153
5.51,0.0280560121615294
5.52,0.0277790787666157
5.53,0.0275072479722775
5.54,0.0272464733298886
5.55,0.0270001599315724
5.56,0.0267616549502035
5.57,0.0265279311448904
5.58,0.0262993338920404
5.59,0.0260779901922682
5.6,0.025863623110943
5.61,0.0256551505151138
5.62,0.0254528663198235
5.63,0.0252574275401797
5.64,0.0250692953603981
5.65,0.024887060332026
5.66,0.0247101448868365
5.67,0.0245407351172561
5.68,0.0243818725778534
5.69,0.0242332153741383
5.7,0.0240935208667859
5.71,0.0239667588372937
5.72,0.0238545889242753
5.73,0.0237518286181258
5.74,0.023654655737461
5.75,0.0235655008904951
5.76,0.0234863202438773
5.77,0.023420698159198
5.78,0.0233682502458085
5.79,0.0233321481053673
5.8,0.023325453565104
5.81,0.0233406802808394
5.82,0.0233706690036764
5.83,0.0234200018217292
5.84,0.0235082832627393
5.85,0.0236441622142674
5.86,0.0237999522588162
5.87,0.0239622295911604
5.88,0.0241216156210418
5.89,0.0242882382434115
5.9,0.024477765443798
5.91,0.024679862825734
5.92,0.0248748423887326
5.93,0.0251008025667399
5.94,0.0253564261619775
5.95,0.0256169633359762
5.96,0.0259098983278691
5.97,0.0262779252898272
5.98,0.026766484335563
5.99,0.0272798735865271
6,0.0277342032562885
6.01,0.0281351521042605
6.02,0.0285596044543344
6.03,0.0290487487844017
6.04,0.0295838694019916
6.05,0.0301365513248572
6.06,0.0307321881179154
6.07,0.031395139492402
6.08,0.0321063039319581
6.09,0.0328476788079869
6.1,0.0336782989196607
6.11,0.0345476055298888
6.12,0.035326642475647
6.13,0.036073719810259
6.14,0.0368652450848694
6.15,0.0377926058432175
6.16,0.0386930492967239
6.17,0.0395088878981253
6.18,0.0403099289762532
6.19,0.0410642572647538
6.2,0.0417672087589999
6.21,0.0423799413684688
6.22,0.0430169783466717
6.23,0.0437127913910325
6.24,0.0444294789138669
6.25,0.0451496503567427
6.26,0.045932481266954
6.27,0.0467884585903591
6.28,0.0476708152220458
6.29,0.0485552304328653
6.3,0.0494645468069862
6.31,0.0504186988306714
6.32,0.0512490347663725
6.33,0.0520515056065723
6.34,0.0529684882270277
6.35,0.0538932491132124
6.36,0.0547148990181578
6.37,0.0555201269325483
6.38,0.0563131008643711
6.39,0.0570356435852539
6.4,0.0576307179127123
6.41,0.0580301191027103
6.42,0.0582618732300145
6.43,0.0584245092227675
6.44,0.0585724102517242
6.45,0.0587446421131792
6.46,0.0589369672061969
6.47,0.059142564328622
6.48,0.0594322939057483
6.49,0.0598419081061823
6.5,0.0603023479500532
6.51,0.0607204788958503
6.52,0.0611431027022794
6.53,0.0616199328984414
6.54,0.0620796086194432
6.55,0.0624790860009317
6.56,0.062896783344413
6.57,0.0633231004810956
6.58,0.0637825692013216
6.59,0.0642189466460596
6.6,0.0646517375810516
6.61,0.065130929309732
6.62,0.0656473402762791
6.63,0.0662216295535419
6.64,0.0667545970114461
6.65,0.0672459138661609
6.66,0.0677451584911412
6.67,0.0682474039522332
6.68,0.0687360478687705
6.69,0.0692463404276994
6.7,0.06972862374976
6.71,0.07011058850483
6.72,0.0704511021149542
6.73,0.0708449851747735
6.74,0.0713014738679469
6.75,0.0717215952312891
6.76,0.0720301887135041
6.77,0.0722554938703368
6.78,0.0724223703735064
6.79,0.0725345437936035
6.8,0.072585463650446
6.81,0.0725902662278048
6.82,0.072562148456951
6.83,0.0724889958479738
6.84,0.0723807454737223
6.85,0.0722316807698569
6.86,0.0720799887723865
6.87,0.0719173123509816
6.88,0.071724997044186
6.89,0.0715329032483522
6.9,0.0713412035656494
6.91,0.0711171091757607
6.92,0.0708759812329035
6.93,0.0706379754039569
6.94,0.0703992811649927
6.95,0.0701844299807236
6.96,0.0699923236419577
6.97,0.0698114842940606
6.98,0.0696704054210388
6.99,0.0695644263909685
7,0.069460574092353
7.01,0.0693556085506888
7.02,0.0692731903186663
7.03,0.0691851858876222
7.04,0.0690384547376154
7.05,0.0688684769188837
7.06,0.0687145983441026
7.07,0.0685619141383818
7.08,0.0683815315467454
7.09,0.0681503481477878
7.1,0.0678571751953712
7.11,0.0675260187220751
7.12,0.0671695777228127
7.13,0.0667802771353952
7.14,0.0663495100458191
7.15,0.0658836236450187
7.16,0.0653890162553321
7.17,0.0648696306397064
7.18,0.0643297884991531
7.19,0.0637714762607622
7.2,0.063189997074394
7.21,0.0625888993954499
7.22,0.0619795005968478
7.23,0.0613617416281469
7.24,0.0607390613365088
7.25,0.0601046921515418
7.26,0.0594462586694576
7.27,0.0587627475295528
7.28,0.0580510285646831
7.29,0.0573083992187415
7.3,0.056567924344354
7.31,0.0558457941385519
7.32,0.0551152282540023
7.33,0.0543785382265003
7.34,0.0536059253662758
7.35,0.0527872938936816
7.36,0.0519303733914733
7.37,0.0510321281442491
7.38,0.0501024681355625
7.39,0.0491521350207971
7.4,0.0482025504186374
7.41,0.0472632051945183
7.42,0.0463245062271582
7.43,0.0453813154786237
7.44,0.0444348303080117
7.45,0.0434657963747622
7.46,0.0424612352778425
7.47,0.0414086616611348
7.48,0.0403288405323854
7.49,0.0393108156256902
7.5,0.038323129703309
7.51,0.0373567324118034
7.52,0.0364822230586287
7.53,0.0356221851971712
7.54,0.0347197099409769
7.55,0.0338549793140635
7.56,0.0330635026868385
7.57,0.0322707349946126
7.58,0.0314574966717987
7.59,0.0306468459627393
7.6,0.0298999267164018
7.61,0.0292545561757002
7.62,0.0286569218848606
7.63,0.0280843105720204
7.64,0.0274960180121394
7.65,0.0268932631660192
7.66,0.0262805389347871
7.67,0.0256742271240746
7.68,0.0251037219385332
7.69,0.0246001396749535
7.7,0.0242142642349498
7.71,0.0238988831466005
7.72,0.0236359224086291
7.73,0.0234186940214219
7.74,0.0232553663687763
7.75,0.023165467273831
7.76,0.0231747747055957
7.77,0.0232914285933218
7.78,0.023516477407151
7.79,0.0238119502799372
7.8,0.0241406729818885
7.81,0.024517463260928
7.82,0.0249235070242398
7.83,0.0253608334930692
7.84,0.0258219688902611
7.85,0.0262918981849458
7.86,0.0268277488793896
7.87,0.0274459627894758
7.88,0.0281114561066153
7.89,0.0287922178018332
7.9,0.0294545894126939
7.91,0.0301306387472245
7.92,0.0308758417406274
7.93,0.0316642803523028
7.94,0.0325122244377375
7.95,0.0333898554123827
7.96,0.0342412290004992
7.97,0.0351213876593257
7.98,0.0360246700101383
7.99,0.0368218546861821
8,0.0375761806379697
8.01,0.0384043012235323
8.02,0.0392852703744117
8.03,0.0401500213672004
8.04,0.0409314669418557
8.05,0.041696328316306
8.06,0.04245259779604
8.07,0.0431907359802414
8.08,0.0439513366036292
8.09,0.0447088656828539
8.1,0.0455704438180389
8.11,0.0464448970862067
8.12,0.0472303488999859
8.13,0.0479757822200207
8.14,0.0486649617322422
8.15,0.0493340526709973
8.16,0.0499780804122999
8.17,0.050622242592238
8.18,0.0513307866246692
8.19,0.0520828292310621
8.2,0.0527886741984421
8.21,0.0534226353642497
8.22,0.0540133411238705
8.23,0.0546151779580342
8.24,0.0552964809004825
8.25,0.0559563670432169
8.26,0.0566036046900353
8.27,0.0572245221539496
8.28,0.0577773503912757
8.29,0.0583187350201617
8.3,0.0588161491897876
8.31,0.0592796978735142
8.32,0.0597608803954676
8.33,0.060298278153469
8.34,0.0607916693185473
8.35,0.0611917888642995
8.36,0.0615361008396162
8.37,0.0618046400268862
8.38,0.0620307148611026
8.39,0.0622865488124255
8.4,0.0625879397232876
8.41,0.0628594459887785
8.42,0.0630786761201647
8.43,0.0632920707397245
8.44,0.0635066462508538
8.45,0.0637340506639141
8.46,0.0639684292468089
8.47,0.0641550675749748
8.48,0.06426839377133
8.49,0.0642989489590895
8.5,0.0642650981856793
8.51,0.0642156586807233
8.52,0.064170515887448
8.53,0.0641043991872993
8.54,0.0640133091197856
8.55,0.0639217156617636
8.56,0.0638171260307576
8.57,0.0636810536931481
8.58,0.0635526893250157
8.59,0.0634313304175977
8.6,0.0632909244211138
8.61,0.0631232809195368
8.62,0.0629389311605794
8.63,0.0627315701602244
8.64,0.0624825658527145
8.65,0.062197190469728
8.66,0.0619013781623526
8.67,0.0616037316406971
8.68,0.0612942647490799
8.69,0.06096889055446
8.7,0.0606206828852234
8.71,0.0602516883308108
8.72,0.0598680247651522
8.73,0.0594685547854916
8.74,0.0590504884060407
8.75,0.0586115729586145
8.76,0.0581512329832279
8.77,0.0576755722842319
8.78,0.0571779088619696
8.79,0.0566605072823387
8.8,0.0561413704335081
8.81,0.0556086709757487
8.82,0.0550622234545424
8.83,0.0545107016067466
8.84,0.0539403094265624
8.85,0.0533391471968105
8.86,0.0527138292661164
8.87,0.0520605273329481
8.88,0.0513587363046707
8.89,0.0506097576015181
8.9,0.0498445386609216
8.91,0.0490680547566393
8.92,0.0482546933903944
8.93,0.0474050668129568
8.94,0.0465389703274851
8.95,0.0456934368243982
8.96,0.0448878827750804
8.97,0.0440490706080357
8.98,0.0431466009938964
8.99,0.0422596350585634
9,0.0413900310795475
9.01,0.0404958843965498
9.02,0.0395449434280597
9.03,0.0385424136788929
9.04,0.037569752372704
9.05,0.0365866405265958
9.06,0.0355912425546406
9.07,0.0345728103089037
9.08,0.033451757998414
9.09,0.0323106824054607
9.1,0.0311564577349575
9.11,0.029996161497971
9.12,0.0288702716827438
9.13,0.0278080849074175
9.14,0.0268205790838034
9.15,0.0258636309296064
9.16,0.0249005632680866
9.17,0.0238968728168184
9.18,0.0228970622299866
9.19,0.0219718187775955
9.2,0.0210232066409195
9.21,0.0200511704709659
9.22,0.0190738331667757
9.23,0.018063432874267
9.24,0.0170861591482317
9.25,0.0161209598876931
9.26,0.0151345043751372
9.27,0.0141818892342216
9.28,0.0133208245864254
9.29,0.0124619721726016
9.3,0.0115198039717405
9.31,0.0105950582029642
9.32,0.00975649676636897
9.33,0.00899992594663361
9.34,0.00832573324334765
9.35,0.00769040977513286
9.36,0.00708241277942585
9.37,0.00656807571420574
9.38,0.00619386532901647
9.39,0.00593220209984663
9.4,0.00575197715321133
9.41,0.00565950238352988
9.42,0.00566066728884179
9.43,0.00574861273455065
9.44,0.00591394205832486
9.45,0.00614830792682954
9.46,0.00645317539085076
9.47,0.00681751280558179
9.48,0.00722514811228213
9.49,0.00770286932853412
9.5,0.00824344215736156
9.51,0.00884568426084826
9.52,0.00958459473692835
9.53,0.0104246694480257
9.54,0.0112703610627677
9.55,0.012073372324232
9.56,0.0129038383703535
9.57,0.0138648341109041
9.58,0.0148877661485184
9.59,0.0159125876076148
9.6,0.0169439851685051
9.61,0.0179710585674014
9.62,0.019007632477626
9.63,0.0199720261587809
9.64,0.0209967665616838
9.65,0.0221174653154613
9.66,0.023274134908486
9.67,0.0243799410218312
9.68,0.0254163253695514
9.69,0.026429828395626
9.7,0.0280025120315657
9.71,0.0307627087378543
9.72,0.0345362398215628
9.73,0.0392286007276733
9.74,0.0445163516802562
9.75,0.0497819787771768
9.76,0.0551866799761212
9.77,0.0607963541867036
9.78,0.066503995460591
9.79,0.0725594472132785
9.8,0.077927409630414
9.81,0.0824551328111162
9.82,0.0867498251347016
9.83,0.0904285030268726
9.84,0.0933640109577217
9.85,0.0962256641159997
9.86,0.0993230973120994
9.87,0.102186119728985
9.88,0.104472342438441
9.89,0.106451914539196
9.9,0.108137306881741
9.91,0.109338793225978
9.92,0.110256582959278
9.93,0.11106290127588
9.94,0.111607011830535
9.95,0.111863506168777
9.96,0.112002904547737
9.97,0.112011195481192
9.98,0.111847666200481
9.99,0.111594553470119
10,0.111319166998698
10.01,0.110979002847586
10.02,0.110552188655057
10.03,0.11005995022671
10.04,0.109515537730839
10.05,0.108353151768655
10.06,0.106109627008661
10.07,0.102896220491483
10.08,0.098816436969868
10.09,0.094316990520312
10.1,0.0898775134426996
10.11,0.0856107725096106
10.12,0.0813903583495438
10.13,0.0773941333374824
10.14,0.0738825437356576
10.15,0.0709206136656749
10.16,0.0682471193493477
10.17,0.0656172668551953
10.18,0.063007924608228
10.19,0.0606405749855048
10.2,0.0585416962380966
10.21,0.056661368513028
10.22,0.0550493616282029
10.23,0.0536794399831949
10.24,0.0525277703084283
10.25,0.0515556427801138
10.26,0.0507345668120414
10.27,0.0500328573854119
10.28,0.0494363131020179
10.29,0.0489199043162819
10.3,0.0484726883189845
10.31,0.0480738656863456
10.32,0.0477159759459069
10.33,0.0473853600585867
10.34,0.0470704111004089
10.35,0.0467630633620055
10.36,0.046453877568716
10.37,0.0461399740016527
10.38,0.045814338630994
10.39,0.0454686647440999
10.4,0.0450974581008108
10.41,0.044696294562039
10.42,0.0442726591912175
10.43,0.0438313073533116
10.44,0.0433695946531839
10.45,0.0428854205807437
10.46,0.0423824904346994
10.47,0.0418659296032968
10.48,0.0413337788912645
10.49,0.0407941858619283
10.5,0.0402345948312918
10.51,0.0396142576346933
10.52,0.0389200994750838
10.53,0.0381804919993523
10.54,0.0374099566375454
10.55,0.036640051609914
10.56,0.0358711435378119
10.57,0.0350502169439469
10.58,0.0341718157800853
10.59,0.0332949620188772
10.6,0.0324303261965312
10.61,0.0315316740793762
10.62,0.0306397623456036
10.63,0.0298099581931181
10.64,0.0289699948213415
10.65,0.0280950525990389
10.66,0.0272483968589167
10.67,0.0263794370089297
10.68,0.0254659323474172
10.69,0.0246319053475409
10.7,0.024285352992115
10.71,0.0246344587137803
10.72,0.0255585395384476
10.73,0.026949328934015
10.74,0.0288830870886614
10.75,0.0311797600655338
10.76,0.0336982182358892
10.77,0.0366341086805924
10.78,0.0395845609164297
10.79,0.0425185654457721
10.8,0.0456503311934566
10.81,0.0486081361866198
10.82,0.0510869701795583
10.83,0.0532641671250341
10.84,0.0551997144222361
10.85,0.0568714878915716
10.86,0.0583095034661944
10.87,0.0594538300219487
10.88,0.0602423024826002
10.89,0.0606840718977718
10.9,0.060871710726106
10.91,0.0607783921834969
10.92,0.0604036147754497
10.93,0.0597939572255028
10.94,0.0589250162077557
10.95,0.0578540789411123
10.96,0.0566417277800881
10.97,0.0553020730779547
10.98,0.0538090343035168
10.99,0.0521585728896533
11,0.0504245879393145
11.01,0.048632916256003
11.02,0.0467946259462293
11.03,0.0449609492955281
11.04,0.0431567425747353
11.05,0.0408390815085799
11.06,0.0376212953441732
11.07,0.0338899406073578
11.08,0.0299020626604644
11.09,0.0263110438208426
11.1,0.0237102158028085
11.11,0.0224533956715385
11.12,0.0228918524396962
11.13,0.0247266916021998
11.14,0.02750742747205
11.15,0.0306378793172496
11.16,0.0339142161294473
11.17,0.0371386131290995
11.18,0.0403444578645507
11.19,0.0436159233640953
11.2,0.046819498682463
11.21,0.0501846356729869
11.22,0.0538433393182259
11.23,0.0574121444001038
11.24,0.060531942153646
11.25,0.0635168448281556
11.26,0.0666251966265208
11.27,0.0695781872294703
11.28,0.0721528577448987
11.29,0.0745871041913823
11.3,0.0769014097676984
11.31,0.0790646212076339
11.32,0.0812083726721099
11.33,0.0833348696303769
11.34,0.0853171158075078
11.35,0.0871666283937846
11.36,0.0889281609842797
11.37,0.0904136340059284
11.38,0.0917016986031336
11.39,0.0927424494181562
11.4,0.0935129109270551
11.41,0.0942143350449097
11.42,0.0949576758160223
11.43,0.0957620968496603
11.44,0.0965115247880283
11.45,0.0970608663947437
11.46,0.0974609760821367
11.47,0.0978206689887221
11.48,0.0981956620936715
11.49,0.0985018516208365
11.5,0.0986673919752499
11.51,0.0988197105819925
11.52,0.0990123185779121
11.53,0.0992025547579684
11.54,0.0993956962620949
11.55,0.0995212793806549
11.56,0.0995382855916129
11.57,0.0995464220181392
11.58,0.0996297854967629
11.59,0.0997524721487983
11.6,0.0998811134514181
11.61,0.099970057241618
11.62,0.100030317694133
11.63,0.100142237271919
11.64,0.100308307256164
11.65,0.10041714249026
11.66,0.10047679965568
11.67,0.100511518862774
11.68,0.100408004196722
11.69,0.100249376228097
11.7,0.0993512245003822
11.71,0.0971802268741724
11.72,0.0939687092836813
11.73,0.0901784820373366
11.74,0.086264497982624
11.75,0.0818307717158527
11.76,0.076724324704318
11.77,0.0713220766181056
11.78,0.065998700245185
11.79,0.0610349307740906
11.8,0.0561509900478215
11.81,0.0515607164677517
11.82,0.047908918583387
11.83,0.0449818149654315
11.84,0.0423764783903415
11.85,0.0399629130721534
11.86,0.0378797843583047
11.87,0.036269695795727
11.88,0.0349649347634364
11.89,0.0338797928810238
11.9,0.0329310142686952
11.91,0.0321336128223602
11.92,0.0314782707311294
11.93,0.0309457618704369
11.94,0.0305186555629827
11.95,0.0301538052728702
11.96,0.0298470981240245
11.97,0.0295804865430157
11.98,0.0293320200515789
11.99,0.0290890552102717
12,0.0288423892345195
12.01,0.0285838244179077
12.02,0.0283041325945403
12.03,0.0279954211890887
12.04,0.0276536434166562
12.05,0.027953226106119
12.06,0.0295448873811405
12.07,0.0320275584814242
12.08,0.0349726458702319
12.09,0.0381392743668904
12.1,0.0411750207716807
12.11,0.0442023065841061
12.12,0.0470437362342997
12.13,0.0494084075448565
12.14,0.0512897785754114
12.15,0.0527637982754523
12.16,0.0540214600045205
12.17,0.0550167957783451
12.18,0.0556544097649358
12.19,0.0560401567911169
12.2,0.0562009101490791
12.21,0.0561024846030969
12.22,0.0557537634146484
12.23,0.0552101995352947
12.24,0.0545004812035112
12.25,0.0536371556123353
12.26,0.0526457860036757
12.27,0.0515564875835956
12.28,0.0503939086468117
12.29,0.0491170520925531
12.3,0.0477405949717693
12.31,0.0463021690033835
12.32,0.04485218963821
12.33,0.0434871844568829
12.34,0.0421559229004332
12.35,0.0408490258456112
12.36,0.0394883068899518
12.37,0.0380576625024715
12.38,0.0366471853198341
12.39,0.0353142855653263
12.4,0.0340164707025446
12.41,0.0327508295897769
12.42,0.0315162093903635
12.43,0.0302712983409522
12.44,0.0290660297627342
12.45,0.0278834411223719
12.46,0.0267089136927518
12.47,0.0255521589110483
12.48,0.0243901105992707
12.49,0.0231846600129965
12.5,0.0219493596137839
12.51,0.0207394783707294
12.52,0.0195171654649595
12.53,0.0182652281685716
12.54,0.0170645408050402
12.55,0.0158548796629001
12.56,0.0146145735723354
12.57,0.0133949190169008
12.58,0.0122125208665672
12.59,0.0110105847329162
12.6,0.009740857713637
12.61,0.00850416922389639
12.62,0.0072813239461907
12.63,0.00607803659042517
12.64,0.00502179671032213
12.65,0.00410866308657533
12.66,0.0032697672700109
12.67,0.00259925661451538
12.68,0.00252673133846123
12.69,0.00331130258949203
12.7,0.00523643845598152
12.71,0.00845648769669129
12.72,0.0125419644748775
12.73,0.0171083233064116
12.74,0.0220365269850089
12.75,0.0277298784805315
12.76,0.0334162637788369
12.77,0.038938935030311
12.78,0.0448166301268483
12.79,0.05100372812033
12.8,0.0570426816146049
12.81,0.0624467678833095
12.82,0.0672399195382273
12.83,0.07140404970559
12.84,0.0748391259613411
12.85,0.0774306809418015
12.86,0.0795251225913588
12.87,0.0812356238486478
12.88,0.0825491818647063
12.89,0.0835821040882049
12.9,0.0845090440834858
12.91,0.0853268771567511
12.92,0.0861564648013938
12.93,0.086967522890209
12.94,0.087544080081994
12.95,0.0879187952953474
12.96,0.0882406087781501
12.97,0.0885122607616805
12.98,0.0886560349765677
12.99,0.0887382290547269
13,0.0888332801546082
13.01,0.0889161533972677
13.02,0.0889616374319842
13.03,0.088940084061068
13.04,0.0888345879798885
13.05,0.0879451898117096
13.06,0.0857400276116033
13.07,0.0825060508521002
13.08,0.0786728386274313
13.09,0.074608474838471
13.1,0.0701705497083632
13.11,0.0656230863023845
13.12,0.0611404507135046
13.13,0.0564371687784918
13.14,0.0515537325984154
13.15,0.0466387932445708
13.16,0.041943797275795
13.17,0.0377289268020186
13.18,0.0342303337893093
13.19,0.031414526976014
13.2,0.0290077975692929
13.21,0.0270122615482683
13.22,0.0253480163177308
13.23,0.0238874510530307
13.24,0.0227422786280371
13.25,0.0218679006248359
13.26,0.0212353181506635
13.27,0.0208463012840485
13.28,0.0206698866339677
13.29,0.0206568974051923
13.3,0.0207622433868532
13.31,0.0209587488050018
13.32,0.0212259184394528
13.33,0.021569182043895
13.34,0.0219334318423078
13.35,0.0222720881103346
13.36,0.0225877844505195
13.37,0.0228582558083239
13.38,0.0231140713673143
13.39,0.023403903788425
13.4,0.0237295921966392
13.41,0.0240835325410104
13.42,0.0243960811512777
13.43,0.0246175026823243
13.44,0.0247589548146266
13.45,0.0248520618164711
13.46,0.024888569288662
13.47,0.0248389110871249
13.48,0.0247267980405375
13.49,0.024570422006843
13.5,0.0243636158096715
13.51,0.0241064115365477
13.52,0.023808122310085
13.53,0.023471380017311
13.54,0.0230986261796254
13.55,0.0226906920698505
13.56,0.0222671871169904
13.57,0.0218459247992608
13.58,0.0214233004007335
13.59,0.0210017392427933
13.6,0.0205786919130202
13.61,0.0201358982163764
13.62,0.019671958094155
13.63,0.0191951107529225
13.64,0.0187108809112636
13.65,0.0181896461891256
13.66,0.0176307052946225
13.67,0.0170830483938116
13.68,0.0165120944484336
13.69,0.0158784775437526
13.7,0.0157725332958214
13.71,0.0166734609652781
13.72,0.0182734768008831
13.73,0.0204709919648295
13.74,0.0232654454313381
13.75,0.0264995761255199
13.76,0.0299599475824309
13.77,0.0333585386524834
13.78,0.0365204096336607
13.79,0.0394214079316013
13.8,0.0422995151232589
13.81,0.0450932176080668
13.82,0.0473210691966881
13.83,0.0490439635527195
13.84,0.0504088084414036
13.85,0.051307187544904
13.86,0.0517624922584317
13.87,0.0518735002838411
13.88,0.0516917365563913
13.89,0.0512604988460226
13.9,0.050629002271837
13.91,0.0497789550803914
13.92,0.0487568708140471
13.93,0.0476253306782661
13.94,0.046412083471565
13.95,0.0451128411515586
13.96,0.0437621692836616
13.97,0.0424506237643473
13.98,0.0410551353400045
13.99,0.0395600299169077
14,0.0379516427471733
14.01,0.0362514734065539
14.02,0.0346159215690452
14.03,0.0329890272239968
14.04,0.0313109223528631
14.05,0.0290162661897125
14.06,0.0257944274854187
14.07,0.0218211202541759
14.08,0.0170185244530158
14.09,0.0121628939844442
14.1,0.00992091655371678
14.11,0.0135259018865425
14.12,0.0203910133655922
14.13,0.0281428419805828
14.14,0.0360007985208821
14.15,0.0434441407002696
14.16,0.051100579034923
14.17,0.0581616902593937
14.18,0.0643032833528207
14.19,0.0702552941251772
14.2,0.0762305376966939
14.21,0.08172433974999
14.22,0.0868271292055961
14.23,0.091817347703067
14.24,0.0967342426520919
14.25,0.101328910114192
14.26,0.104881301153085
14.27,0.107681235922064
14.28,0.109873590001697
14.29,0.111349774717357
14.3,0.112405856242387
14.31,0.113298413599897
14.32,0.113953047592858
14.33,0.114247041641649
14.34,0.114350120755421
14.35,0.114336795265777
14.36,0.114195879042189
14.37,0.113978087653571
14.38,0.113685872043959
14.39,0.113313657576292
14.4,0.112855309746533
14.41,0.11235868163973
14.42,0.111865609530122
14.43,0.111415311876399
14.44,0.111008962643608
14.45,0.110626231628876
14.46,0.110300693163284
14.47,0.109999207626353
14.48,0.109670940913907
14.49,0.10935943397947
14.5,0.109080347919619
14.51,0.108861389438017
14.52,0.108741931492043
14.53,0.108675358147901
14.54,0.108674873166097
14.55,0.108794593635071
14.56,0.108908510385494
14.57,0.109028577488534
14.58,0.10917464956793
14.59,0.109222166055297
14.6,0.10926163174966
14.61,0.109302978650851
14.62,0.109238310822751
14.63,0.109104563043023
14.64,0.108996493395557
14.65,0.108902149326834
14.66,0.108761215073468
14.67,0.108600466131356
14.68,0.108465960732563
14.69,0.108362571965055
14.7,0.107594186763375
14.71,0.105772824955411
14.72,0.103218827828187
14.73,0.100074672142677
14.74,0.0963649218274833
14.75,0.0922426985385698
14.76,0.0880340907977291
14.77,0.0839910638714057
14.78,0.0800749892143105
14.79,0.076342126965026
14.8,0.0729710525225069
14.81,0.0696929867868613
14.82,0.0665039700603726
14.83,0.063675876251084
14.84,0.0611434207828558
14.85,0.058832009856894
14.86,0.056708651939466
14.87,0.0547052793388451
14.88,0.0529394309254664
14.89,0.051464963056841
14.9,0.0502675042621901
14.91,0.0493067663671998
14.92,0.0485265541444133
14.93,0.047895321359983
14.94,0.0473686381308802
14.95,0.0469382653183555
14.96,0.0465865228344568
14.97,0.0463041139136534
14.98,0.0460765532680919
14.99,0.0458833929498248
15,0.045717762014256
15.01,0.0448711114379632
15.02,0.0427493590855776
15.03,0.0395188608696571
15.04,0.0356632051428603
15.05,0.0322541048903392
15.06,0.0296362465989531
15.07,0.0276728442423136
15.08,0.0264118923966892
15.09,0.0257799949593771
15.1,0.0256760316820132
15.11,0.0259319897154834
15.12,0.0265573076237266
15.13,0.027485883325068
15.14,0.0285144385338532
15.15,0.0295401265703495
15.16,0.0305574122872288
15.17,0.0316885343544749
15.18,0.0328687414078475
15.19,0.0339264198495047
15.2,0.0348617054957611
15.21,0.0357233807486486
15.22,0.0364975107196768
15.23,0.0370953073264852
15.24,0.0375473913169835
15.25,0.0378985825723306
15.26,0.0381732929113505
15.27,0.0384195133518225
15.28,0.0385846093832564
15.29,0.0386457883453084
15.3,0.0386524364969021
15.31,0.0385974875054832
15.32,0.0384826541393419
15.33,0.0383176824543578
15.34,0.0380942391823202
15.35,0.0378215923270964
15.36,0.0375139735712022
15.37,0.0371788126306372
15.38,0.0368244956566491
15.39,0.0364596759795831
15.4,0.0360843233249913
15.41,0.0357050362881683
15.42,0.0353290788068477
15.43,0.0349548369738599
15.44,0.0345890197367574
15.45,0.0342348947313402
15.46,0.0338923515594384
15.47,0.0335578611470923
15.48,0.0332325414336061
15.49,0.032917732594448
15.5,0.0326129390778957
15.51,0.0323196032900052
15.52,0.0320336668025592
15.53,0.0317591670718615
15.54,0.0314946594487109
15.55,0.0312362138878549
15.56,0.0309841029918652
15.57,0.0307393230486875
15.58,0.0305014357206925
15.59,0.030268880324622
15.6,0.030041772573244
15.61,0.0298200795683
15.62,0.029602764863752
15.63,0.0293890879148356
15.64,0.0291788278215115
15.65,0.0289717136966377
15.66,0.028767479465826
15.67,0.0285659542975171
15.68,0.0283669395704341
15.69,0.0281702431736196
15.7,0.0274994813508177
15.71,0.0258248335923377
15.72,0.0235647199740292
15.73,0.021072241449198
15.74,0.0184990842874087
15.75,0.016372556381617
15.76,0.0156397833300135
15.77,0.0164858436517497
15.78,0.0184391068122597
15.79,0.0210050285348287
15.8,0.0237480456822308
15.81,0.0266301087337557
15.82,0.029750627366699
15.83,0.032631344690667
15.84,0.0353546495635905
15.85,0.0379355276533545
15.86,0.040297636478728
15.87,0.0425799240178121
15.88,0.0447056379879109
15.89,0.0466624551431315
15.9,0.0482304751382453
15.91,0.0494266420360168
15.92,0.0504296182297994
15.93,0.0511530914320137
15.94,0.0516255742955879
15.95,0.0519005605047122
15.96,0.0519779449774458
15.97,0.0518986333957866
15.98,0.0516685994205141
15.99,0.0513376081975772
16,0.0509311709982553
16.01,0.0504588760301406
16.02,0.0499377505850208
16.03,0.0493754772438737
16.04,0.0487764265245731
16.05,0.0475414817761221
16.06,0.0453513817239785
16.07,0.0423661628614431
16.08,0.0386447581892658
16.09,0.0343475258205205
16.1,0.0299323467927402
16.11,0.0259303222129725
16.12,0.022321175615536
16.13,0.0188882547764955
16.14,0.0157103303880952
16.15,0.0132428650970562
16.16,0.0120810595685853
16.17,0.0123329155706111
16.18,0.0133670168710141
16.19,0.0147217129607035
16.2,0.0160872615447819
16.21,0.0172248556014719
16.22,0.0181247093469831
16.23,0.0188039600325151
16.24,0.0192892542503756
16.25,0.0196344410168056
16.26,0.0198462407829234
16.27,0.0199311776976501
16.28,0.0199217679420291
16.29,0.0198399840886565
16.3,0.0196930475900564
16.31,0.0194955248624179
16.32,0.0192522942304512
16.33,0.0189690365595138
16.34,0.0186712766993529
16.35,0.0183798184686689
16.36,0.0180886699238422
16.37,0.0178067940067052
16.38,0.0175288507936846
16.39,0.0172439521050966
16.4,0.0169676020339962
16.41,0.0167112010823356
16.42,0.0164753012866412
16.43,0.0162548737539791
16.44,0.016059670286395
16.45,0.0158890285696772
16.46,0.0157379568412878
16.47,0.0156034198564751
16.48,0.0154824644248256
16.49,0.0153782505202769
16.5,0.0152874929647777
16.51,0.0152062785923059
16.52,0.0151313218091141
16.53,0.0150615808686712
16.54,0.0149967664599982
16.55,0.0149363201823121
16.56,0.0148792303518673
16.57,0.0148243167392076
16.58,0.0147718775850804
16.59,0.0147213691534893
16.6,0.0146715559611946
16.61,0.0146228681308779
16.62,0.0145746835668469
16.63,0.0145264553765994
16.64,0.0144787442069138
16.65,0.0144317164161003
16.66,0.0143853219849403
16.67,0.0143390564213155
16.68,0.0142925986374757
16.69,0.0142459759311603
16.7,0.0138981215151382
16.71,0.0131585277510656
16.72,0.0124903057471624
16.73,0.0124682188444212
16.74,0.0134859109115376
16.75,0.0157203703107181
16.76,0.0191362311703577
16.77,0.0232803210262105
16.78,0.028155478405481
16.79,0.0331988989553948
16.8,0.0375540313450778
16.81,0.0417598738030428
16.82,0.0457792100008142
16.83,0.0492007951848207
16.84,0.0523157079364854
16.85,0.0549713935618966
16.86,0.0570004749494855
16.87,0.0583968375677738
16.88,0.0592668623544301
16.89,0.059814686984126
16.9,0.060128757102712
16.91,0.0601989121068996
16.92,0.0600548196360801
16.93,0.0597501449005758
16.94,0.0592975311803015
16.95,0.0587308087045029
16.96,0.0580831947205688
16.97,0.0573630696033274
16.98,0.0565935553282408
16.99,0.0558264461789252
17,0.0550785784482447
17.01,0.054329945701224
17.02,0.0535667904113934
17.03,0.0528294282036753
17.04,0.0521478272409753
17.05,0.050807331166467
17.06,0.0483861650705024
17.07,0.0453100905032781
17.08,0.0417517926127168
17.09,0.0378886154272517
17.1,0.0338938957873743
17.11,0.0298858654411213
17.12,0.0259339441800121
17.13,0.0219280045070771
17.14,0.018136952575331
17.15,0.0149412935986482
17.16,0.0124642730402016
17.17,0.0107487125172707
17.18,0.00973944343569545
17.19,0.00921747129691746
17.2,0.00898293782090482
17.21,0.00892593996917101
17.22,0.00896904391684296
17.23,0.00905209736836226
17.24,0.00912379908009472
17.25,0.00917090255494186
17.26,0.00919314566904854
17.27,0.00919148724202763
17.28,0.00916688290280013
17.29,0.00912159450831986
17.3,0.00906380869944999
17.31,0.00900044407254797
17.32,0.00893786541635094
17.33,0.00888094828829783
17.34,0.00883223655386567
17.35,0.00879118216862874
17.36,0.00875705484541531
17.37,0.00873204477127048
17.38,0.00871618680047719
17.39,0.00870928867606831
17.4,0.00871174466791732
17.41,0.00872036380392515
17.42,0.0087331617268234
17.43,0.00875270850000552
17.44,0.00877417349364059
17.45,0.00879134473126507
17.46,0.00880760941178812
17.47,0.00882216802799456
17.48,0.00883323049835092
17.49,0.0088408952861895
17.5,0.00884526571589075
17.51,0.00884761757098794
17.52,0.00884708702194838
17.53,0.00884310866590662
17.54,0.00883596948619032
17.55,0.00882660644276626
17.56,0.00881507038930784
17.57,0.00880151523479714
17.58,0.00878625075256486
17.59,0.00876973909977894
17.6,0.00875217078571998
17.61,0.00873380143688753
17.62,0.00871494252764017
17.63,0.00869582768310899
17.64,0.00867665356513527
17.65,0.00865723091540506
17.66,0.00863717831419671
17.67,0.00861716238866079
17.68,0.00859729048525449
17.69,0.00857701851517837
17.7,0.00879224519139272
17.71,0.00962996875247255
17.72,0.0112825243952596
17.73,0.0136289611049496
17.74,0.0165821201403945
17.75,0.0202379944954639
17.76,0.0243419490098752
17.77,0.028713493607373
17.78,0.0329924074656766
17.79,0.0368109728935931
17.8,0.0405695726245454
17.81,0.0444457235300462
17.82,0.0479974161471303
17.83,0.0510427658565207
17.84,0.0538295430322212
17.85,0.0563253103577835
17.86,0.0585447200104918
17.87,0.0606074877617251
17.88,0.0623957389778147
17.89,0.0638874244347354
17.9,0.0650955306466989
17.91,0.066033586761706
17.92,0.0667455120774756
17.93,0.067293990126837
17.94,0.0676497455050729
17.95,0.0677292141499783
17.96,0.0676121672338514
17.97,0.0673501047594974
17.98,0.0669653962107254
17.99,0.0664928398690328
18,0.0659501667059239
18.01,0.0653439076643054
18.02,0.0646932352504659
18.03,0.0640211270143156
18.04,0.0633458333130515
18.05,0.0620562915529504
18.06,0.059550719391067
18.07,0.0560584619741985
18.08,0.0518610309372748
18.09,0.0473931917024392
18.1,0.042850540136045
18.11,0.0380263849919182
18.12,0.033268168601221
18.13,0.0284502629751546
18.14,0.0235923594678411
18.15,0.0193732385974624
18.16,0.0157503377354778
18.17,0.01267816928497
18.18,0.0102284199105461
18.19,0.00809460425341527
18.2,0.00621854345428818
18.21,0.00487841501796154
18.22,0.00415476741716536
18.23,0.00396496157297415
18.24,0.00417986458236129
18.25,0.00459781748533972
18.26,0.0050186775187132
18.27,0.00536817028898384
18.28,0.00559405166033721
18.29,0.00572457368637435
18.3,0.00576822736102766
18.31,0.00573980313527377
18.32,0.00565843863448566
18.33,0.00553241677284907
18.34,0.00537690450023197
18.35,0.00519664421086721
18.36,0.00499857853901436
18.37,0.00479850571833353
18.38,0.00461498129861455
18.39,0.00445269420104027
18.4,0.00430705519899266
18.41,0.00418160371142629
18.42,0.00407524198188884
18.43,0.00398627197359241
18.44,0.00391327807787871
18.45,0.00385627346087924
18.46,0.00381327717463161
18.47,0.00378062389291345
18.48,0.00375444895677795
18.49,0.00373342160307556
18.5,0.00371700186555694
18.51,0.00370428476520527
18.52,0.00369435598785551
18.53,0.00368671321578358
18.54,0.00368081549105568
18.55,0.00367567699749724
18.56,0.00367069547667452
18.57,0.00366585902214399
18.58,0.00366092530234695
18.59,0.00365507545462449
18.6,0.00364799983219042
18.61,0.00363994384942952
18.62,0.00363092332035241
18.63,0.00362103526294207
18.64,0.00361036471208293
18.65,0.00359909060378035
18.66,0.00358723729017093
18.67,0.00357498950291082
18.68,0.00356264276601088
18.69,0.0035502501201312
18.7,0.0037649876739671
18.71,0.00494154681507222
18.72,0.007547238894265
18.73,0.0112070171814508
18.74,0.0158009939123577
18.75,0.0210439640132529
18.76,0.026567335995705
18.77,0.03216719532956
18.78,0.0376851086487407
18.79,0.0430178651743326
18.8,0.0476551236455298
18.81,0.051834535096011
18.82,0.0556634937723792
18.83,0.0589555484976024
18.84,0.0614858573989862
18.85,0.0632168779424067
18.86,0.064473059787719
18.87,0.0653733867066719
18.88,0.0658919361830702
18.89,0.0660389517710868
18.9,0.0658593175377602
18.91,0.065471671431658
18.92,0.0649028026214471
18.93,0.0641884242040731
18.94,0.0633906738461606
18.95,0.062539821118459
18.96,0.0616637769192364
18.97,0.0607499353921918
18.98,0.0598001997327254
18.99,0.0588202370312589
19,0.0578383163823355
19.01,0.0568742373888304
19.02,0.0559190462066979
19.03,0.0549663878463827
19.04,0.0540215704455482
19.05,0.0524580572206229
19.06,0.0496047545659801
19.07,0.0460018272424316
19.08,0.0419701100751647
19.09,0.0375823084829229
19.1,0.0330106299109073
19.11,0.0280279869270506
19.12,0.022953344598903
19.13,0.0179849605572318
19.14,0.0132345481745225
19.15,0.00865649155846048
19.16,0.00435418308374719
19.17,0.000560690367654134
19.18,0.00272572297006236
19.19,0.00533693878840818
19.2,0.00770272002446741
19.21,0.00990400000522508
19.22,0.0118808108702424
19.23,0.0135689451215213
19.24,0.0149990159761533
19.25,0.0161313933502701
19.26,0.0169427833441659
19.27,0.0175112706263287
19.28,0.0178626410517687
19.29,0.0180281659281787
19.3,0.0180538563673338
19.31,0.0179731002636366
19.32,0.0177967803526529
19.33,0.0175541242124933
19.34,0.0172523572700713
19.35,0.0168908753484516
19.36,0.0164870060305953
19.37,0.0160640576440184
19.38,0.0156222239695652
19.39,0.015180215373625
19.4,0.0147571349406278
19.41,0.0143388194790396
19.42,0.0139203207461021
19.43,0.0135043210995622
19.44,0.0131014446492032
19.45,0.0127305340207664
19.46,0.012420521209035
19.47,0.0121697994666333
19.48,0.0119562532426804
19.49,0.0117739281094175
19.5,0.0116224023225945
19.51,0.011492272015824
19.52,0.0113795473295307
19.53,0.0112787378405549
19.54,0.0111889680156933
19.55,0.0111090793920048
19.56,0.0110361418742888
19.57,0.0109704081623966
19.58,0.0109136538061401
19.59,0.010860263950656
19.6,0.0108037650087759
19.61,0.0107465882548619
19.62,0.0106893413492752
19.63,0.0106323670440978
19.64,0.0105756578399364
19.65,0.0105188505060875
19.66,0.0104604925687085
19.67,0.0103992485578835
19.68,0.0103365248653752
19.69,0.0102710608724722
19.7,0.0095851059169832
19.71,0.00788824583044808
19.72,0.00530206321560269
19.73,0.00205577678875525
19.74,0.00184797306397331
19.75,0.00611127925932804
19.76,0.0103941585600012
19.77,0.0145180601780204
19.78,0.0185796442800886
19.79,0.0227492409741657
19.8,0.0268426999764527
19.81,0.030429908751672
19.82,0.033731440587705
19.83,0.0368812502108757
19.84,0.0399116725566271
19.85,0.0427410033747636
19.86,0.0454124508969056
19.87,0.0479683338601674
19.88,0.050354029612831
19.89,0.0524766121918529
19.9,0.0542580865042782
19.91,0.0557539059339001
19.92,0.0568395933284553
19.93,0.0576132951758078
19.94,0.0582494368751171
19.95,0.0587381911061075
19.96,0.0590751196875366
19.97,0.0592027268688232
19.98,0.0591112826699001
19.99,0.0588811757217485
20,0.0585573931452823
20.01,0.0581544754592748
20.02,0.0576860191661297
20.03,0.0571584123220595
20.04,0.0565875444715117
20.05,0.0552801123077237
20.06,0.0529061019186463
20.07,0.0497120905074472
20.08,0.0457875974526842
20.09,0.041527885305797
20.1,0.0371630711404782
20.11,0.0325558764439211
20.12,0.0279199903269218
20.13,0.0234950074625225
20.14,0.0191442195440031
20.15,0.0151408179635014
20.16,0.0115562168316407
20.17,0.00808067301398633
20.18,0.00486999978772819
20.19,0.00258794586637153
20.2,0.00314617269511907
20.21,0.005100974979389
20.22,0.00712695069159404
20.23,0.00882037224270364
20.24,0.0101808618165278
20.25,0.0111677293627829
20.26,0.0119064297450995
20.27,0.0124261946704114
20.28,0.0127252585204454
20.29,0.0128764648734652
20.3,0.0128675273572107
20.31,0.0127312772822632
20.32,0.0124995098159074
20.33,0.0121903210460913
20.34,0.0118217758244891
20.35,0.0114038180702248
20.36,0.0109552840400082
20.37,0.0105090138794737
20.38,0.0100803219381129
20.39,0.00966047132852375
20.4,0.00926634689495067
20.41,0.00890082907273193
20.42,0.00856097896327644
20.43,0.00823873109063094
20.44,0.00793757306488715
20.45,0.00766106879373548
20.46,0.00740910368819928
20.47,0.00718085600497175
20.48,0.00695131484841239
20.49,0.00674346766897096
20.5,0.00657376787150669
20.51,0.00642194443095124
20.52,0.00628480426569918
20.53,0.0061626771752938
20.54,0.00604946672869347
20.55,0.00595037354858748
20.56,0.00586808080032758
20.57,0.00579734044631232
20.58,0.00573654494745397
20.59,0.0056867022486915
20.6,0.00564515078576984
20.61,0.00561052291791125
20.62,0.00558083253895049
20.63,0.00555571558264727
20.64,0.00553397417850648
20.65,0.00551356914782898
20.66,0.00549420407520199
20.67,0.00547710398853453
20.68,0.00546342973579995
20.69,0.00545081003396242
20.7,0.00487332339523493
20.71,0.0033685909403938
20.72,0.0019262872389481
20.73,0.00405956912759361
20.74,0.00766324675566658
20.75,0.0113461507875213
20.76,0.0149852916282186
20.77,0.0185207352738929
20.78,0.0222044905221502
20.79,0.0262418811824779
20.8,0.0304753198717048
20.81,0.0344167271133657
20.82,0.0379627449815559
20.83,0.0411775333869303
20.84,0.0436229164810449
20.85,0.0454979995239148
20.86,0.0471178928104929
20.87,0.0484794537185999
20.88,0.0495424972822149
20.89,0.05040787736809
20.9,0.0511113827994816
20.91,0.0516063032834376
20.92,0.0518753168712835
20.93,0.0519635224519582
20.94,0.0518848188102805
20.95,0.0516697432729392
20.96,0.0513485712642949
20.97,0.0509354556674089
20.98,0.0504551679616901
20.99,0.0499323473345997
21,0.049383906132098
21.01,0.0488322079296083
21.02,0.0482683176568462
21.03,0.0477021924219954
21.04,0.0471593825670837
21.05,0.0458838031305871
21.06,0.0434363671406036
21.07,0.040160236705533
21.08,0.0364128999985551
21.09,0.0325626579771832
21.1,0.0287533371624232
21.11,0.0251347195747098
21.12,0.0215678773415194
21.13,0.0177246778097191
21.14,0.0140606242789398
21.15,0.0110728526800108
21.16,0.00841286939303642
21.17,0.00602606931664971
21.18,0.00449717487766335
21.19,0.0047742548214037
21.2,0.00670962582328052
21.21,0.00926110034686091
21.22,0.0119483817859242
21.23,0.0143686183373164
21.24,0.0163151310666468
21.25,0.0181070353410878
21.26,0.0197235973315766
21.27,0.0209917147367288
21.28,0.0219475825973621
21.29,0.0227141329085804
21.3,0.0233364217306147
21.31,0.023763226484088
21.32,0.0240606840352321
21.33,0.0242728459832584
21.34,0.0243734644748131
21.35,0.0243620512082978
21.36,0.0242675501166239
21.37,0.0241147373362095
21.38,0.0239060226872369
21.39,0.0236506819103064
21.4,0.0233662874897669
21.41,0.0230616577776833
21.42,0.0227549933663707
21.43,0.0224428154674931
21.44,0.0221175554112626
21.45,0.0217897013526748
21.46,0.0214693661862602
21.47,0.0211614488011665
21.48,0.0208660660365304
21.49,0.0205818293653398
21.5,0.0203008570272591
21.51,0.020034558752828
21.52,0.0197840053219324
21.53,0.0195413580741325
21.54,0.0193099918760325
21.55,0.0190881309378287
21.56,0.0188767129783355
21.57,0.0186744706220615
21.58,0.0184822537177007
21.59,0.0183049684690126
21.6,0.0181418553558578
21.61,0.0179890883364184
21.62,0.0178447013493722
21.63,0.0177068786946816
21.64,0.0175744904122059
21.65,0.0174468428601052
21.66,0.017322956253081
21.67,0.0172018280228895
21.68,0.0170834630529263
21.69,0.0169678435860654
21.7,0.0162942446823289
21.71,0.0143855500198139
21.72,0.0114458245128027
21.73,0.00772074994388436
21.74,0.00405253688914753
21.75,0.00287240992465801
21.76,0.00608298449476867
21.77,0.0103227459527262
21.78,0.0146860671490383
21.79,0.0192453867336839
21.8,0.0235164205752029
21.81,0.0271092570916944
21.82,0.0300373111749353
21.83,0.0327032951042271
21.84,0.0353399039225014
21.85,0.0377063975426992
21.86,0.039764327722238
21.87,0.0415422257625271
21.88,0.0429895274896376
21.89,0.0441206690124761
21.9,0.0449014922185336
21.91,0.0454592800787654
21.92,0.0458572697619886
21.93,0.0460734274944614
21.94,0.0460885470312412
21.95,0.0459365966641969
21.96,0.0456685737075729
21.97,0.0453020043199663
21.98,0.0448528976111385
21.99,0.0443322233621765
22,0.0437737981305942
22.01,0.0431986133422269
22.02,0.0426267923519159
22.03,0.0420567138437618
22.04,0.0414820833309197
22.05,0.0402042341598083
22.06,0.0378891254130141
22.07,0.0349995709022335
22.08,0.031348733849327
22.09,0.0269991309723912
22.1,0.0222906375344035
22.11,0.0174018327970744
22.12,0.0129159031380836
22.13,0.00907492481724274
22.14,0.00587362878528306
22.15,0.00450351927757036
22.16,0.0061079239033323
22.17,0.00864654681056309
22.18,0.0111765030794816
22.19,0.0135056070263812
22.2,0.0155338702195091
22.21,0.0172420676339676
22.22,0.0185964748504885
22.23,0.0195396747601788
22.24,0.0202023488245549
22.25,0.020637185769526
22.26,0.0208869874938551
22.27,0.021017690334374
22.28,0.021037405999719
22.29,0.020945740660209
22.3,0.0207600144765032
22.31,0.0205044612270596
22.32,0.0202000392232781
22.33,0.0198676907743959
22.34,0.0195038086077632
22.35,0.0191112365855429
22.36,0.0186937882002998
22.37,0.0182670882210255
22.38,0.0178490408551766
22.39,0.0174303089113792
22.4,0.017026790624782
22.41,0.0166497198776466
22.42,0.0163118915507873
22.43,0.016015835879127
22.44,0.0157413578442055
22.45,0.0154926330873907
22.46,0.0152659365049195
22.47,0.0150521521510203
22.48,0.0148581470712408
22.49,0.0146862784091096
22.5,0.0145348743152761
22.51,0.0143999594002682
22.52,0.0142794323896421
22.53,0.0141706534457145
22.54,0.0140699292894499
22.55,0.0139767272265212
22.56,0.0138901161475038
22.57,0.0138082740850158
22.58,0.013729640551072
22.59,0.0136537069496011
22.6,0.0135804833561064
22.61,0.0135087048393915
22.62,0.0134367300742059
22.63,0.0133652747637702
22.64,0.0132927280734736
22.65,0.0132171618525888
22.66,0.0131403510781518
22.67,0.0130631657449915
22.68,0.0129847142516734
22.69,0.0129050628835725
22.7,0.0120962008132305
22.71,0.0100626620272462
22.72,0.00697781958722012
22.73,0.00366505831297536
22.74,0.00391367207770138
22.75,0.00868770388992182
22.76,0.0141057112285181
22.77,0.0193539341134258
22.78,0.0248333409662506
22.79,0.030244856032032
22.8,0.0350293518188801
22.81,0.039179993697056
22.82,0.0429091638150559
22.83,0.0464723595822463
22.84,0.0496150547778494
22.85,0.0522253250938472
22.86,0.0543317964041104
22.87,0.0560362755213911
22.88,0.0572787799973351
22.89,0.0581959735315255
22.9,0.0588770907865044
22.91,0.0592993514148849
22.92,0.0594543466007939
22.93,0.0594101317777681
22.94,0.0592274335406868
22.95,0.0588950613084596
22.96,0.0584471227216053
22.97,0.0579165760675626
22.98,0.0573269511372821
22.99,0.0566933635059949
23,0.0560366069518363
23.01,0.0546737665393349
23.02,0.0519839526914873
23.03,0.0483429717665498
23.04,0.0441128132708048
23.05,0.0394891551244805
23.06,0.0343640736419075
23.07,0.0292004953869559
23.08,0.0246376515366075
23.09,0.0206282721427201
23.1,0.017132712035826
23.11,0.0139983609209902
23.12,0.011126830658091
23.13,0.00847325083798159
23.14,0.00650015454535133
23.15,0.00539232915109544
23.16,0.00514842493731849
23.17,0.00548239247570252
23.18,0.00605075767925378
23.19,0.00666939215520946
23.2,0.00720196018615078
23.21,0.00763475394866372
23.22,0.00798764584172183
23.23,0.00823037794674241
23.24,0.00835764163453306
23.25,0.00837600501424999
23.26,0.00831845268652025
23.27,0.00820608069306896
23.28,0.00805760823910642
23.29,0.00789200691062195
23.3,0.00770605279310046
23.31,0.00749646199326001
23.32,0.00727137866341307
23.33,0.00703157128392303
23.34,0.00678890619697788
23.35,0.0065684064101146
23.36,0.00637189249055276
23.37,0.00618713122303463
23.38,0.00601861130923284
23.39,0.00587593252348865
23.4,0.00575235551078083
23.41,0.00564020941083168
23.42,0.00554448373984095
23.43,0.00546387953640356
23.44,0.00539463706909286
23.45,0.00534016859503647
23.46,0.0052980135927513
23.47,0.00526490220738002
23.48,0.00523923803978037
23.49,0.00521916689103201
23.5,0.0052045873230895
23.51,0.00519418201653757
23.52,0.00518748864911008
23.53,0.005183807780419
23.54,0.00518256248672151
23.55,0.00518317429116046
23.56,0.00518542839931942
23.57,0.00518912909210441
23.58,0.00519389303008596
23.59,0.00519793309722241
23.6,0.00520042193191815
23.61,0.00520256759208194
23.62,0.00520527792400411
23.63,0.00520737877344653
23.64,0.00520771117187603
23.65,0.0052064154326891
23.66,0.00520341953230726
23.67,0.00519934968523177
23.68,0.00519476260595886
23.69,0.00518991003877561
23.7,0.00518455910032033
23.71,0.00517847338424755
23.72,0.00517181177350089
23.73,0.00516453000433342
23.74,0.00515633873855748
23.75,0.00514747348856733
23.76,0.00513815952110167
23.77,0.00512849117132922
23.78,0.00511847433437465
23.79,0.00510820455671354
23.8,0.00509779061651709
23.81,0.00508730167904925
23.82,0.00507676162539075
23.83,0.00506620295267459
23.84,0.00505564460505438
23.85,0.00504509248974026
23.86,0.00503457680377892
23.87,0.00502412382922271
23.88,0.00501372514396604
23.89,0.0050034180345994
23.9,0.00499321503747647
23.91,0.0049830413314466
23.92,0.00497288059908092
23.93,0.00496278176842335
23.94,0.0049527881974264
23.95,0.00494288599574777
23.96,0.00493302496761622
23.97,0.00492319140081554
23.98,0.00491336404978232
23.99,0.00490346273801691
24,0.00489344975740049
24.01,0.00488343478448833
24.02,0.0048734463472911
24.03,0.0048633948747027
24.04,0.00485337376822071
24.05,0.00484346112189567
24.06,0.00483351316402404
24.07,0.0048234392815553
24.08,0.00481326472992364
24.09,0.00480306776680524
24.1,0.00479287725690437
24.11,0.00478266744964952
24.12,0.00477247222996882
24.13,0.00476230142848028
24.14,0.00475211161764018
24.15,0.00474196218007279
24.16,0.0047319783591808
24.17,0.00472204169435169
24.18,0.00471206553794258
24.19,0.00470201998164784
24.2,0.00469197381443953
24.21,0.00468202776387189
24.22,0.00467214447328879
24.23,0.00466220535483635
24.24,0.00465210879071695
24.25,0.0046418858927005
24.26,0.00463156691888486
24.27,0.00462117562062895
24.28,0.00461072705491426
24.29,0.00460022601697873
24.3,0.00458966462648457
24.31,0.00457908373995407
24.32,0.00456856314059572
24.33,0.00455816912997283
24.34,0.00454790797203059
24.35,0.00453777013870618
24.36,0.0045275940812592
24.37,0.0045173110289572
24.38,0.00450696502296639
24.39,0.0044966122018441
24.4,0.00448630272382227
24.41,0.00447607701808634
24.42,0.00446588178930078
24.43,0.0044556950768406
24.44,0.00444551344366641
24.45,0.00443532241360758
24.46,0.00442520831854653
24.47,0.0044150681201352
24.48,0.00440491509878927
24.49,0.00439469471750879
24.5,0.00438437387653468
24.51,0.00437398983107187
24.52,0.00436354282188127
24.53,0.00435307183321493
24.54,0.00434256215890393
24.55,0.00433200328507273
24.56,0.00432144297079374
24.57,0.00431089748863276
24.58,0.00430026726838757
24.59,0.00428965371104045
24.6,0.00427919107531521
24.61,0.00426889250270654
24.62,0.00425861827611712
24.63,0.00424840387681364
24.64,0.00423829336757302
24.65,0.00422816584635202
24.66,0.00421808591467739
24.67,0.00420815101437353
24.68,0.00419827757004622
24.69,0.00418831240618702
24.7,0.00417817320391534
24.71,0.00416785611562155
24.72,0.00415749307136316
24.73,0.00414720190096939
24.74,0.00413704979980731
24.75,0.00412691616583854
24.76,0.00411666370123358
24.77,0.00410637330988349
24.78,0.00409603583468704
24.79,0.00408563129219653
24.8,0.00407524899279186
24.81,0.00406495893121979
24.82,0.00405473216281664
24.83,0.00404454554356829
24.84,0.00403436971848516
24.85,0.00402421747905525
24.86,0.00401411449520421
24.87,0.00400400538574687
24.88,0.00399379721364895
24.89,0.00398351116459951
24.9,0.00397316903425808
24.91,0.00396285074927196
24.92,0.00395257430101821
24.93,0.00394221897636275
24.94,0.00393187081934824
24.95,0.00392151327430515
24.96,0.00391112293883867
24.97,0.00390076397724103
24.98,0.00389039604280459
24.99,0.00388002533574806
25,0.00386965676994541
25.01,0.00385889098574783
25.02,0.00384623517783845
25.03,0.00383025001149999
25.04,0.00380910390207844
25.05,0.00378156812508534
25.06,0.00374884136592614
25.07,0.00371229898135082
25.08,0.003672249761725
25.09,0.00362973151139334
25.1,0.00358312419567755
25.11,0.00352981601549658
25.12,0.00346906732054737
25.13,0.00340217009887733
25.14,0.00333282622041732
25.15,0.00326536519712265
25.16,0.00320471986069864
25.17,0.00315199860524685
25.18,0.00310252363737434
25.19,0.00305504291026422
25.2,0.00301062834083579
25.21,0.00297276856444927
25.22,0.00294480875846519
25.23,0.00292594177638301
25.24,0.00291562751958724
25.25,0.00291268340140214
25.26,0.00291534229039003
25.27,0.00292432398148054
25.28,0.0029429611290528
25.29,0.00297502676596475
25.3,0.0030208928157734
25.31,0.00307493094776681
25.32,0.00313168219972926
25.33,0.00319639290129099
25.34,0.00326923959017308
25.35,0.00334572584398412
25.36,0.00342939717008414
25.37,0.00351240327208839
25.38,0.00359869326839498
25.39,0.00369482690707078
25.4,0.0037912878377256
25.41,0.00388853469342324
25.42,0.00398907946201017
25.43,0.00408908368948415
25.44,0.00419789938685143
25.45,0.00431746145820791
25.46,0.00444094336273702
25.47,0.00456089949120889
25.48,0.00468413255094242
25.49,0.00481222549593089
25.5,0.00493100789882455
25.51,0.00503812531178559
25.52,0.0051430055697104
25.53,0.00524573950041763
25.54,0.00535033768832469
25.55,0.00545373398358058
25.56,0.00554382304598618
25.57,0.00563503614975359
25.58,0.0057278389108876
25.59,0.0058107421747415
25.6,0.00587902031819107
25.61,0.00593569087215241
25.62,0.00598896293773921
25.63,0.00605268038155397
25.64,0.00612237238089902
25.65,0.00618624338050418
25.66,0.0062539460044216
25.67,0.00633800805136959
25.68,0.00644035133283472
25.69,0.00654677237224313
25.7,0.00664492830002081
25.71,0.00674541488403215
25.72,0.00684850647129067
25.73,0.00693768904425336
25.74,0.00702479126317662
25.75,0.00712573615872353
25.76,0.00722236640716913
25.77,0.00730794936132436
25.78,0.0073985659498512
25.79,0.00749243001404003
25.8,0.00757472458121476
25.81,0.00765323152094641
25.82,0.00772790518028631
25.83,0.00779700204464117
25.84,0.00786309538887167
25.85,0.00792734194337599
25.86,0.00799345783862219
25.87,0.00804871870364073
25.88,0.00809037306279842
25.89,0.00812393296229615
25.9,0.00815371763013073
25.91,0.00818172834141014
25.92,0.0082116111018076
25.93,0.00824074938896577
25.94,0.00826971031816259
25.95,0.00829940232764624
25.96,0.00832761255825335
25.97,0.00836600501921801
25.98,0.00841667708365574
25.99,0.0084659961944199
26,0.00851497748560812
26.01,0.00857535444183057
26.02,0.00864481564392526
26.03,0.00871886760783656
26.04,0.00879313497254859
26.05,0.00885865737713058
26.06,0.00892465999627413
26.07,0.00900274536327041
26.08,0.0090855529411169
26.09,0.00915852684149604
26.1,0.00923177780188701
26.11,0.00930755217481698
26.12,0.00937347605568136
26.13,0.00944088916875549
26.14,0.00952204791319169
26.15,0.00960632713134212
26.16,0.00968695438725311
26.17,0.00976660528531892
26.18,0.00984862564476175
26.19,0.00994554327615558
26.2,0.010045660765073
26.21,0.0101254113266512
26.22,0.0102016805881588
26.23,0.0102831672505886
26.24,0.0103733105309043
26.25,0.0104665165742962
26.26,0.0105493173249358
26.27,0.0106322396460269
26.28,0.0107256240721203
26.29,0.0108241629471394
26.3,0.0109101221032574
26.31,0.0109696053117782
26.32,0.0110127821051403
26.33,0.0110477594036956
26.34,0.0110881255554644
26.35,0.0111340758027112
26.36,0.0111661170227183
26.37,0.0111912511812123
26.38,0.0112154916265924
26.39,0.0112403162517983
26.4,0.0112639546965273
26.41,0.0112830901099505
26.42,0.0112983017511067
26.43,0.0113116631035486
26.44,0.0113240762299296
26.45,0.0113412933613419
26.46,0.0113752868667325
26.47,0.0114181039179856
26.48,0.0114713464263949
26.49,0.0115388853278817
26.5,0.0116072236579625
26.51,0.0116657740229312
26.52,0.0117137156462637
26.53,0.0117578682959586
26.54,0.0118024492599817
26.55,0.0118520486240411
26.56,0.0119068267069472
26.57,0.0119569722253106
26.58,0.0120036235104602
26.59,0.0120545445331684
26.6,0.0121166600526317
26.61,0.0121809824249444
26.62,0.012249650170872
26.63,0.0123331486209922
26.64,0.0124128572633587
26.65,0.0124791633112034
26.66,0.0125344707361097
26.67,0.0125808343922357
26.68,0.0126318254844319
26.69,0.0126838545531362
26.7,0.012732493789566
26.71,0.0127776061118386
26.72,0.0128113207039626
26.73,0.0128360541094024
26.74,0.0128688942443087
26.75,0.0129183049486235
26.76,0.0129838458312201
26.77,0.0130420314986979
26.78,0.0130911385535635
26.79,0.0131526465713024
26.8,0.0132332155673106
26.81,0.0133188479872199
26.82,0.0133981580522968
26.83,0.0134755676325505
26.84,0.0135624835137343
26.85,0.0136601808834713
26.86,0.0137435349919937
26.87,0.0138263647890552
26.88,0.0139283980598777
26.89,0.014028169250322
26.9,0.0141127756032917
26.91,0.0142065142670906
26.92,0.0143054512038882
26.93,0.0144041920525216
26.94,0.0145059835155035
26.95,0.0145908809327466
26.96,0.0146589297603683
26.97,0.0147154610843075
26.98,0.0147647111533824
26.99,0.0148094511076073
27,0.0148469756914436
27.01,0.0148728327984078
27.02,0.0148891602317668
27.03,0.0149145508077198
27.04,0.0149479027893242
27.05,0.0149893176804661
27.06,0.0150258887655533
27.07,0.0150485262295288
27.08,0.0150696966472396
27.09,0.0151004492107059
27.1,0.0151397104098661
27.11,0.0151689755509814
27.12,0.0151884048627713
27.13,0.0152148004442438
27.14,0.0152519804350742
27.15,0.0152901060661637
27.16,0.0153271577300148
27.17,0.0153685878448953
27.18,0.0154243517373667
27.19,0.0154982778718256
27.2,0.0155673752909075
27.21,0.0156121189450686
27.22,0.0156440377656093
27.23,0.0156663338211499
27.24,0.0156721581009542
27.25,0.0156707865987708
27.26,0.0156692722449733
27.27,0.0156596014687019
27.28,0.0156442185830943
27.29,0.0156256135694966
27.3,0.0155997107033115
27.31,0.015571919055446
27.32,0.0155399826437755
27.33,0.0155066107802745
27.34,0.0154811299541189
27.35,0.0154588326735083
27.36,0.0154429506638071
27.37,0.0154417923598318
27.38,0.0154515991853817
27.39,0.0154697666512191
27.4,0.0154869890046263
27.41,0.0154965757988601
27.42,0.0155104431143912
27.43,0.0155321094416085
27.44,0.0155554500636334
27.45,0.0155797728045578
27.46,0.0156008248135265
27.47,0.0156287674174888
27.48,0.0156725361183613
27.49,0.0157334542763538
27.5,0.0158051544573589
27.51,0.0158849322039458
27.52,0.0159575819442436
27.53,0.0160055323520121
27.54,0.0160560012718051
27.55,0.0161108405272534
27.56,0.0161512813327832
27.57,0.0161896844724543
27.58,0.0162371575902685
27.59,0.0162921538291314
27.6,0.016357236802145
27.61,0.0164330008807231
27.62,0.0164993804649839
27.63,0.0165379608218199
27.64,0.0165748551117723
27.65,0.0166334936177059
27.66,0.0167053643155742
27.67,0.0167785821051908
27.68,0.0168541110432053
27.69,0.0169378599533609
27.7,0.0170158859835201
27.71,0.0170830860567557
27.72,0.0171606077251878
27.73,0.0172554134314235
27.74,0.017366910420781
27.75,0.0174773222408863
27.76,0.0175929503477174
27.77,0.0177053372878823
27.78,0.017803576738392
27.79,0.0179089591085935
27.8,0.0180272474844669
27.81,0.0181476197260689
27.82,0.0182640492783865
27.83,0.0183628124024363
27.84,0.0184532433906551
27.85,0.0185466584554797
27.86,0.0186182941073707
27.87,0.0186736105432879
27.88,0.0187146399019314
27.89,0.0187538577756775
27.9,0.0188094304504956
27.91,0.0188774908690835
27.92,0.01894657302072
27.93,0.0190217146322554
27.94,0.0191069626933212
27.95,0.0191952879203623
27.96,0.019264744256919
27.97,0.0193261070849972
27.98,0.0193870673304446
27.99,0.0194480050142396
28,0.0195056282875615
28.01,0.0195512746389282
28.02,0.0195891022588117
28.03,0.019632153372589
28.04,0.0196957675100742
28.05,0.0197616780634711
28.06,0.0198398527687938
28.07,0.0199301292906489
28.08,0.0200129458800125
28.09,0.0200956131016714
28.1,0.0201650140192704
28.11,0.0202070026227967
28.12,0.0202312555269595
28.13,0.0202402419920018
28.14,0.0202320060922031
28.15,0.0202208703531076
28.16,0.0202068347464295
28.17,0.0201861191947524
28.18,0.0201768991972711
28.19,0.0201628799392416
28.2,0.0201337717188811
28.21,0.0201065329996865
28.22,0.0200836737079948
28.23,0.0200663158390231
28.24,0.0200579618166529
28.25,0.0200527304659675
28.26,0.0200545352379242
28.27,0.0200692171912119
28.28,0.0200978497146048
28.29,0.020141419859219
28.3,0.0201834820140894
28.31,0.0202302521361542
28.32,0.0202975420961632
28.33,0.0203785581189917
28.34,0.0204609950572389
28.35,0.0205416802667194
28.36,0.0206054039859667
28.37,0.0206458365077469
28.38,0.0206888797050001
28.39,0.0207400949658277
28.4,0.0207811539805906
28.41,0.0208183626798064
28.42,0.0208538200608356
28.43,0.0208671152988728
28.44,0.0208673980691761
28.45,0.02087342168652
28.46,0.0208793871736747
28.47,0.0208786885684411
28.48,0.0208789135501818
28.49,0.0208820084275566
28.5,0.0208754305218908
28.51,0.020850699561879
28.52,0.0208286384864456
28.53,0.0208098181482972
28.54,0.0207792728584358
28.55,0.0207407732467342
28.56,0.0206962696805926
28.57,0.0206524594610147
28.58,0.0206123838539717
28.59,0.0205799019437105
28.6,0.0205589807969757
28.61,0.0205481133320707
28.62,0.0205483397983446
28.63,0.0205486756924915
28.64,0.0205569383116127
28.65,0.0205769423112168
28.66,0.0205906947596208
28.67,0.0205869171097797
28.68,0.020563832256028
28.69,0.0205326888289064
28.7,0.0205131321480329
28.71,0.0205040274905392
28.72,0.0204973766681861
28.73,0.0204815538148782
28.74,0.0204571592002387
28.75,0.0204340982800996
28.76,0.0204199786005924
28.77,0.0204082542908298
28.78,0.0203919891435562
28.79,0.0203842690766949
28.8,0.02039043915631
28.81,0.0204194843424816
28.82,0.0204541031590465
28.83,0.0204772019998221
28.84,0.0204858770669671
28.85,0.0204879235222446
28.86,0.0205064275022786
28.87,0.0205287634185271
28.88,0.0205459411934783
28.89,0.0205565329076128
28.9,0.0205683299161529
28.91,0.0205953553194944
28.92,0.020628716277724
28.93,0.0206761430882439
28.94,0.0207230343714694
28.95,0.0207607174865547
28.96,0.0207993527672988
28.97,0.0208327137450366
28.98,0.0208510722182484
28.99,0.0208715162185042
29,0.0209033173900532
29.01,0.0209299092215409
29.02,0.0209592553467927
29.03,0.0210041790909639
29.04,0.0210478390615007
29.05,0.0210818252261293
29.06,0.0211206096231418
29.07,0.021158226108305
29.08,0.0211876223636154
29.09,0.0212264267352195
29.1,0.0212675396815269
29.11,0.0212953237106511
29.12,0.0213280225579138
29.13,0.0213745365876899
29.14,0.0214233088753303
29.15,0.0214717556927443
29.16,0.0215126784714309
29.17,0.0215554400382973
29.18,0.0215971640746579
29.19,0.0216117523095955
29.2,0.0216039352588091
29.21,0.0215914132445072
29.22,0.0215758306673128
29.23,0.0215473703304311
29.24,0.0215091255425838
29.25,0.0214763687770736
29.26,0.0214533501247076
29.27,0.0214453468309731
29.28,0.0214534006907024
29.29,0.0214661627550939
29.3,0.0214836788877472
29.31,0.0215016470910688
29.32,0.0215250156509941
29.33,0.0215616933567557
29.34,0.0215942502139614
29.35,0.0216170139008875
29.36,0.0216365962895532
29.37,0.0216595391941954
29.38,0.0216825581630356
29.39,0.0217015806556142
29.4,0.0217190017159791
29.41,0.0217277313813125
29.42,0.02173816761867
29.43,0.0217643901740819
29.44,0.0218120131756606
29.45,0.021876455457224
29.46,0.0219478333944116
29.47,0.0220180323707478
29.48,0.0220731038675222
29.49,0.0221150154813851
29.5,0.0221564786168722
29.51,0.0222005499315681
29.52,0.0222575796251154
29.53,0.0223320129674922
29.54,0.0224278060946562
29.55,0.0225288851621549
29.56,0.0226332393912534
29.57,0.0227419924816642
29.58,0.0228326259507085
29.59,0.0229074621738478
29.6,0.0229654382983847
29.61,0.0230080890360551
29.62,0.023062280498643
29.63,0.0231185133638709
29.64,0.0231516577915085
29.65,0.0231887225279194
29.66,0.0232479080042644
29.67,0.0232985506434768
29.68,0.0233295211307269
29.69,0.0233579654286914
29.7,0.0233794310319369
29.71,0.023393344318558
29.72,0.0233955555830495
29.73,0.0233771250208133
29.74,0.0233420934785624
29.75,0.0232963710538337
29.76,0.0232493985888453
29.77,0.0232166164148741
29.78,0.0232006886743892
29.79,0.0231887080202278
29.8,0.0231770215624841
29.81,0.0231684631607493
29.82,0.0231632988424722
29.83,0.0231519800168878
29.84,0.0231372060630351
29.85,0.0231360335510825
29.86,0.023145404531123
29.87,0.0231724204501869
29.88,0.0232136714924565
29.89,0.0232619357219407
29.9,0.0233165480870584
29.91,0.0233784842556155
29.92,0.023453553521804
29.93,0.0235324302885014
29.94,0.023600517596313
29.95,0.0236444407994537
29.96,0.0236740884287657
29.97,0.0237091318047898
29.98,0.0237440014479439
29.99,0.0237693712177739
30,0.0237846690064412
